country,1960,1965,1975,1980,1985,1990,1995,2000,2005,2010,2015,2016,2017,2018,2019,2020,2021,2022
Afghanistan,8996967,9956318,12689164,13356500,11938204,12412311,18110662,20779957,25654274,29185511,34413603,35383028,36296111,37171922,38041757,38928341,39805751,40683694
Albania,1608800,1864791,2404831,2671997,2964762,3286542,3187784,3089027,3011487,2913021,2880703,2876101,2873457,2866376,2854191,2837743,2825838,2812325
Algeria,11057864,12550880,16607706,19221659,22431507,25758872,28757788,31042238,33149720,35977451,39728020,40551398,41389174,42228415,43053054,43851043,44671666,45486083
American Samoa,20127,23675,30045,32648,39521,47351,53158,57816,59557,56084,55806,55739,55617,55461,55312,55197,55057,54922
Andorra,13410,18542,30705,36063,44593,54508,63860,65390,78871,84454,77993,77295,76997,77008,77146,77265,77354,77469
Angola,5454938,5770573,7023994,8341290,9961993,11848385,13945205,16395477,19433604,23356247,27884380,28842482,29816769,30809787,31825299,32866268,33882768,34907095
Antigua and Barbuda,54132,58699,62671,61861,61785,62533,68672,76007,81462,88030,93571,94520,95425,96282,97115,97928,98762,99589
Argentina,20481781,22159644,25865775,27896532,30216284,32618648,34828168,36870796,38892924,40788453,43131966,43590368,44044811,44494502,44938712,45376763,45820747,46262829
Armenia,1874119,2211316,2832752,3099759,3335935,3538164,3217349,3069597,2981262,2877314,2925559,2936147,2944789,2951741,2957728,2963234,2969382,2975262
Aruba,54208,57357,60653,60097,63024,62152,80324,90866,100028,101665,104339,104865,105361,105846,106310,106766,107234,107697
Australia,10276477,11388000,13893000,14692000,15758000,17065100,18072000,19153000,20394800,22031750,23815995,24190907,24601860,24982688,25365745,25687041,26048768,26404128
Austria,7047539,7270889,7578903,7549433,7564985,7677850,7948278,8011566,8227829,8363404,8642699,8736668,8797566,8840521,8879920,8917205,8957085,8995940
Azerbaijan,3895398,4592601,5674129,6150735,6666447,7175200,7684850,8048600,8391850,9054332,9649341,9757812,9854033,9939771,10024283,10093121,10172817,10250499
Bahamas,109532,140060,188895,210589,234579,256227,280179,298045,324848,354936,374200,377923,381749,385635,389486,393248,397081,400896
Bahrain,162429,187432,266540,359897,419428,495927,563698,664610,889157,1240864,1371853,1425793,1494077,1569440,1641164,1701583,1770752,1837856
Bangladesh,48013505,55385114,70066310,79639498,90764180,103171957,115169933,127657862,139035505,147575433,156256287,157977151,159685421,161376713,163046173,164689383,166357370,168017589
Barbados,230985,235415,246158,252388,256260,260933,265955,271511,276320,282131,285327,285798,286229,286640,287021,287371,287752,288123
Belarus,8198000,8610000,9367000,9643000,9975000,10189348,10193831,9979610,9663915,9483836,9461076,9469379,9458989,9438785,9419758,9379952,9353606,9325213
Belgium,9153489,9463667,9800700,9859242,9858308,9967379,10136811,10251250,10478617,10895586,11274196,11331422,11375158,11427054,11488980,11555997,11616277,11679351
Belize,92068,106120,133264,144142,164918,187554,206962,247310,283798,322465,360926,368399,375775,383071,390351,397621,404903,412180
Benin,2431617,2632361,3265167,3717161,4278502,4978489,5905552,6865946,7982223,9199254,10575962,10872072,11175192,11485035,11801151,12123198,12439200,12757255
Bermuda,44400,50100,53000,54670,56898,59326,59746,61833,64154,65124,65237,64554,63873,63919,63913,63903,63913,63911
Bhutan,223284,253993,348395,406883,464264,530801,534629,591014,648744,685502,727885,736706,745563,754396,763094,771612,780295,788928
Bolivia,3656961,4038865,5001413,5579932,6179460,6864839,7622334,8418270,9232301,10048597,10869732,11031822,11192853,11353140,11513102,11673029,11833088,11993071
Bosnia and Herzegovina,3225664,3535632,3985107,4179850,4392135,4463422,3829049,3751176,3765332,3705478,3429362,3386263,3351534,3323929,3300998,3280815,3257242,3235013
Botswana,502733,559996,741346,897860,1069585,1286756,1469173,1643333,1799077,1987106,2120716,2159925,2205076,2254067,2303703,2351625,2400475,2449278
Brazil,72179235,83373533,107216209,120694012,135274083,149003225,162019889,174790339,186127108,195713637,204471759,206163056,207833825,209469320,211049519,212559409,214134604,215689699
British Virgin Islands,8053,8836,10697,11471,13951,17489,19307,20313,23106,27796,29148,29355,29567,29795,30033,30237,30460,30682
Brunei Darussalam,81707,102390,161635,193880,224440,258714,297112,333166,365112,388634,414914,419791,424481,428960,433296,437483,441817,446103
Bulgaria,7867374,8204168,8720742,8861535,8960547,8718289,8406067,8170172,7658972,7395599,7177991,7127822,7075947,7025037,6975761,6934015,6886704,6840593
Burkina Faso,4829289,5174874,6154554,6822837,7727908,8811033,10089880,11607951,13421935,15605211,18110616,18646350,19193236,19751466,20321383,20903278,21473292,22047234
Burundi,2797925,3094378,3700879,4157296,4750832,5438959,5987044,6378871,7364857,8675606,10160034,10488002,10827010,11175379,11530577,11890781,12245371,12602035
Cabo Verde,201770,230421,270240,283848,311668,337953,386288,428178,463034,492644,524740,531140,537499,543764,549936,555988,562151,568280
Cambodia,5722372,6467191,7524457,6693759,7714894,8975597,10656145,12155241,13273355,14312205,15521435,15766290,16009413,16249795,16486542,16718971,16955490,17190722
Cameroon,5176920,5773538,7451057,8621409,10070806,11780086,13599984,15513944,17733408,20341236,23298376,23926549,24566070,25216261,25876387,26545864,27205795,27868973
Canada,17909009,19678000,23143275,24515667,25842116,27691138,29302311,30685730,32243753,34004889,35702908,36109487,36545295,37065178,37593384,38005238,38491886,38967455
Cayman Islands,7870,8370,12234,16207,19460,25307,32161,42305,49261,56672,61721,62564,63382,64172,64948,65720,66499,67275
Central African Republic,1501668,1639706,1958367,2199359,2542170,2806740,3222662,3640421,4038380,4386765,4493171,4537683,4596023,4666375,4745179,4829764,4907678,4988112
Chad,3001604,3309583,4088568,4514427,5095400,5963250,7010159,8355654,10096630,11952134,14110971,14561658,15016761,15477727,15946882,16425859,16895558,17368168
Channel Islands,109419,114989,126420,128204,133800,140677,143480,148439,151674,159718,165387,166922,168666,170496,172264,173859,175590,177288
Chile,8132988,8989607,10592310,11419350,12257238,13274617,14380864,15342350,16182713,17062531,17969356,18209072,18470435,18729166,18952035,19116209,19331467,19532234
China,667070000,715185000,916395000,981235000,1051040000,1135185000,1204855000,1262645000,1303720000,1337705000,1379860000,1387790000,1396215000,1402760000,1407745000,1410929362,1415834149,1420192199
Colombia,16057714,18725242,24065502,26900508,29951194,33102569,36421438,39629965,42647731,45222699,47520667,48175048,48909844,49661056,50339443,50882884,51540564,52167067
Comoros,191122,207429,257285,307831,355337,411598,475394,542358,611625,689696,777435,795597,813890,832322,850891,869595,888163,906777
Costa Rica,1330787,1592834,2094186,2389973,2736719,3119436,3545524,3962369,4285504,4577371,4847805,4899336,4949955,4999443,5047561,5094114,5142167,5189742
Cote d'Ivoire,3503559,4226843,6412409,8033652,9918204,11924873,14199759,16454660,18354513,20532944,23226148,23822726,24437475,25069226,25716554,26378275,27025208,27677202
Croatia,4140181,4280923,4512082,4599782,4701417,4777368,4620030,4468302,4310145,4295427,4203604,4174349,4124531,4087843,4065253,4047200,4021423,3999283
Cuba,7141241,7958171,9446441,9849457,10097910,10596986,10888246,11126423,11261586,11225833,11324777,11335108,11339255,11338146,11333484,11326616,11322403,11317155
Curacao,124826,135266,149129,148041,152711,145400,145139,133860,137658,148703,157980,159664,160175,159336,157441,155014,153294,151280
Cyprus,572933,580972,649753,685408,703694,766616,855391,943288,1027657,1112617,1160987,1170189,1179685,1189262,1198574,1207361,1216586,1225694
Czech Republic,9602006,9779358,10058620,10304193,10337118,10333355,10327253,10255063,10211216,10474410,10546059,10566332,10594438,10629928,10671870,10698896,10733715,10768311
Congo,1018254,1155389,1536658,1777932,2054308,2356740,2707532,3127420,3622775,4273738,4856093,4980996,5110701,5244363,5380504,5518092,5653889,5790398
Congo (Democratic Republic of the),,,,,58785894,72884853,75259151,77817749,80462804,83197445,85026532,87469999,89894956,92937271,95672601,98422232,92282284,95020348
Denmark,4579603,4759012,5059862,5123027,5113691,5140939,5233373,5339616,5419432,5547683,5683483,5728010,5764980,5793636,5814422,5831404,5853545,5873515
Djibouti,83634,114976,224177,358960,425608,590393,630385,717577,783248,840194,913998,929117,944100,958923,973557,988002,1002636,1017207
Dominica,60020,65044,72088,75318,73207,70422,71105,69650,70580,70877,71175,71307,71460,71626,71808,71991,72168,72349
Dominican Republic,3294222,3877768,5144632,5803929,6464229,7133491,7819239,8471317,9097262,9695117,10281675,10397738,10513111,10627147,10738957,10847904,10959502,11070287
Ecuador,4543658,5243980,6994331,7989178,9066100,10230931,11455205,12681123,13825839,15011114,16212022,16491116,16785356,17084359,17373657,17643060,17928961,18210495
Egypt,26632891,30433024,38549133,43309063,49258726,56134478,62334025,68831561,75523576,82761244,92442549,94447071,96442590,98423602,100388076,102334403,104298341,106256587
El Salvador,2766319,3201310,4154689,4591135,4936803,5270074,5628602,5887930,6052124,6183877,6325121,6356137,6388124,6420740,6453550,6486201,6518893,6551611
Equatorial Guinea,255338,276296,255808,249931,352116,419188,496768,606180,749527,943640,1168575,1215181,1262008,1308966,1355982,1402985,1449977,1496981
Eritrea,1007586,1148188,1505438,1733423,2003942,2258649,2204227,2292413,2826653,3170437,,,,,,3494422,3624417,3721111
Estonia,1211537,1294566,1429352,1477219,1528781,1569174,1436634,1396985,1354775,1331475,1315407,1315790,1317384,1321977,1326898,1331057,1335615,1340161
Eswatini,336578,373925,499759,587852,699077,822423,926836,1005432,1030575,1064841,1104038,1113994,1124808,1136274,1148133,1160164,1171949,1183841
Ethiopia,22151284,25013634,32566855,35141703,40652146,47887864,57047906,66224809,76346310,87639962,100835453,103603461,106399926,109224410,112078727,114963583,117818135,120682710
Faroe Islands,34624,36843,41292,43339,45328,47276,45625,46738,47731,47803,48055,48173,48326,48497,48677,48865,49045,49228
Federated States of Micronesia,44510,52224,63122,72936,85641,96304,107535,107405,106135,102916,108886,110215,111461,112640,113811,115021,116208,117397
Fiji,393480,463960,576626,635312,711770,728575,775428,811011,821606,859816,868632,872406,877460,883490,889955,896444,902772,909199
Finland,4429634,4563732,4711440,4779535,4902206,4986431,5107790,5176209,5246096,5363352,5479531,5495303,5508214,5515525,5521606,5530719,5538221,5545786
France,46621688,49818019,53931390,55161510,56654703,58235716,59541904,60912500,63179356,65027505,66548272,66724104,66918020,67101930,67248926,67391582,67549436,67698605
French Polynesia,78080,93442,131229,153298,177024,199906,218064,240681,258780,266449,273119,274576,276108,277673,279285,280904,282503,284113
Gabon,500922,533357,647538,726335,827107,949493,1084951,1228359,1390550,1624146,1947690,2007882,2064812,2119275,2172578,2225728,2279367,2332731
Gambia,365049,405258,539985,637252,755791,955595,1128577,1317708,1543745,1793199,2085860,2149134,2213900,2280092,2347696,2416664,2484252,2552305
Gaza Strip,,,,,,1978248,2474666,2922153,3320396,3786161,4270092,4367088,4454805,4569087,4685306,4803269,4919424,5036203
Georgia,3645600,3921600,4311200,4467700,4662900,4802000,4657722,4077131,3902469,3786695,3725276,3727505,3728004,3726549,3720161,3714000,3709332,3703593
Germany,72814900,75963695,78673554,78288576,77684873,79433029,81678051,82211508,82469422,81776930,81686611,82348669,82657002,82905782,83092962,83240525,83435033,83611450
Ghana,6635229,7739463,9985946,11056112,12783617,14773274,17014058,19278850,21814648,24779614,27849203,28481947,29121464,29767108,30417858,31072945,31723439,32375549
Gibraltar,23420,26079,30062,30068,29151,29149,28688,31081,33222,33585,33742,33738,33723,33715,33706,33691,33680,33668
Greece,8331725,8550333,9046541,9642505,9934300,10196792,10562153,10805808,10987314,11121341,10820883,10775971,10754679,10732882,10721582,10715549,10702506,10692381
Greenland,32500,39200,49600,50200,53200,55600,55800,56200,56935,56905,56114,56186,56172,56023,56225,56367,56432,56568
Grenada,89927,94634,92494,89032,99953,96328,100286,102837,104658,106227,109603,110263,110874,111449,112002,112519,113067,113606
Guam,66733,74828,93351,104134,116576,130480,145559,155323,158406,159439,161851,162948,164281,165770,167295,168783,170284,171789
Guatemala,4128880,4774984,6131151,6890346,7884034,9050115,10286786,11589761,12948292,14259687,15567419,15827690,16087418,16346950,16604026,16858333,17115305,17371423
Guinea,3494164,3801711,4491248,4871446,5470716,6352282,7269631,8240735,9109585,10192168,11432096,11738434,12067516,12414292,12771246,13132792,13487884,13845748
Guinea-Bissau,616140,649795,765985,781678,872163,975265,1088850,1201305,1344931,1522603,1737207,1782434,1828146,1874304,1920917,1967998,2014615,2061385
Guyana,571813,651865,745847,780153,770439,743306,761298,746718,746156,749430,767433,771363,775218,779007,782775,786559,790339,794116
Haiti,3866162,4258734,5094570,5643175,6337275,7037915,7744509,8463802,9195289,9949318,10695540,10839976,10982367,11123183,11263079,11402533,11542588,11682390
Honduras,2038636,2346005,3153252,3678274,4281167,4955302,5709010,6574510,7458982,8317467,9112904,9270794,9429016,9587523,9746115,9904608,10063139,10221678
Hong Kong,3075605,3597900,4461600,5063100,5456200,5704500,6156100,6665000,6813200,7024200,7291300,7336600,7391700,7451000,7507400,7481800,7511833,7532111
Hungary,9983967,10147935,10540525,10711122,10648713,10373988,10328965,10210971,10087065,10000023,9843028,9814023,9787966,9775564,9771141,9749763,9737029,9724184
Iceland,175574,192286,217979,228138,241405,254826,267468,281205,296734,318041,330815,335439,343400,352721,360563,366425,374100,381226
India,450547675,499123328,623102900,698952837,784360012,873277799,963922586,1056575548,1147609924,1234281163,1310152392,1324517250,1338676779,1352642283,1366417756,1380004385,1393780254,1407492911
Indonesia,87751066,100267070,130680730,147447834,164982452,181413398,196934257,211513822,226289468,241834226,258383257,261556386,264650969,267670549,270625567,273523621,276481172,279418046
Iran,21906909,24954865,32729772,38650244,47347197,56366212,61442658,65623397,69762345,73762519,78492208,79563991,80673888,81800204,82913893,83992953,85099308,86199009
Iraq,7289753,8375795,11684579,13653348,15555807,17419113,20149342,23497589,26922279,29741977,35572269,36610632,37552789,38433604,39309789,40222503,41112408,42005343
Ireland,2828600,2877300,3189550,3412800,3538082,3513974,3608841,3805174,4159914,4560155,4701957,4755335,4807388,4867316,4934340,4994724,5057169,5120453
Isle of Man,48444,50145,59482,63546,64277,70292,72133,76942,80293,84856,83232,83296,83610,84073,84589,85032,85506,85984
Israel,2114020,2563000,3455000,3878000,4233000,4660000,5545000,6289000,6930100,7623600,8380100,8546000,8713300,8882800,9054000,9216900,9384767,9552089
Italy,50199700,52112350,55441001,56433883,56593071,56719240,56844303,56942108,57969484,59277417,60730582,60627498,60536709,60421760,59729081,59554023,59226461,58828028
Jamaica,1628524,1756508,2028019,2162839,2335510,2419901,2533705,2654698,2740000,2810464,2891024,2906242,2920848,2934853,2948277,2961161,2974599,2987848
Japan,93216000,97952000,111573000,116807000,120837000,123478000,125472000,126843000,127773000,128070000,127141000,126994511,126785797,126529100,126264931,125836021,125519429,125182872
Jordan,933102,1173603,2065916,2377997,2900055,3565888,4588842,5122495,5765639,7261541,9266573,9554286,9785840,9965322,10101697,10203140,10342240,10467879
Kazakhstan,9934564,11841926,14050227,14796175,15665594,16348000,15816243,14883626,15147029,16321872,17542806,17794055,18037776,18276452,18513673,18754440,18993328,19232287
Kenya,8120082,9530163,13575898,16417203,19877078,23724574,27768297,31964557,36624897,42030684,47878339,49051531,50221146,51392570,52573967,53771300,54954685,56142057
Kiribati,41196,46429,55114,59296,63989,72394,77716,84405,92319,102930,110927,112529,114153,115842,117608,119446,121210,122999
Kosovo,947000,1078000,1369000,1521000,1682000,1862000,2029000,1700000,1705780,1775680,1788196,1777557,1791003,1797085,1788878,1775378,1770170,1761198
Kuwait,269026,472032,1021725,1368680,1735278,2095350,1605907,2045123,2270196,2991884,3835588,3956862,4056102,4137314,4207077,4270563,4342050,4410295
Kyrgyzstan,2172300,2573300,3292400,3617400,3990300,4391200,4560400,4898400,5162600,5447900,5956900,6079500,6198200,6322800,6456200,6591600,6722733,6856044
Laos,2120892,2382586,3051583,3258149,3687889,4258471,4846477,5323701,5751675,6249168,6741160,6845848,6953031,7061498,7169456,7275556,7383064,7490253
Latvia,2120979,2265919,2456130,2511701,2578873,2663151,2485056,2367550,2238799,2097555,1977527,1959537,1942248,1927174,1913822,1901548,1887981,1874917
Lebanon,1804935,2092374,2575746,2588928,2651992,2803032,3528379,3842774,4698761,4953064,6532681,6714281,6819373,6859408,6855709,6825442,6827465,6816817
Lesotho,837264,922307,1160795,1340258,1526132,1703757,1898598,2032805,1996115,1995575,2059011,2075041,2091532,2108327,2125267,2142252,2159159,2176103
Liberia,1118655,1245104,1600454,1852991,2145756,2075917,2044657,2848447,3218114,3891357,4472229,4586788,4702224,4818976,4937374,5057677,5176161,5295223
Libya,1448416,1733307,2645136,3219462,3873781,4436663,4948796,5357893,5798615,6197667,6418315,6492160,6580723,6678565,6777453,6871287,6968142,7064668
Liechtenstein,16501,18642,23436,25881,27286,28790,30884,33184,34718,35996,37465,37655,37805,37918,38020,38137,38248,38358
Lithuania,2778550,2971450,3301652,3413202,3544543,3697838,3629102,3499536,3322528,3097282,2904910,2868231,2828403,2801543,2794137,2794700,2783466,2777440
Luxembourg,313970,331500,358950,364150,366706,381850,408625,436300,465158,506953,569604,582014,596336,607950,620001,632275,644255,656357
"Macao SAR, China",167795,203224,241631,238085,283490,343816,385517,427772,482863,538215,602093,612824,622578,631633,640446,649342,658263,667140
Madagascar,5099368,5769215,7556032,8716549,10063493,11598647,13475403,15766806,18336722,21151640,24234080,24894370,25570511,26262313,26969306,27691019,28397855,29109702
Malawi,3659980,4134464,5384798,6250434,7268271,9404499,9844418,11148751,12625950,14539609,16745305,17205253,17670193,18143215,18628749,19129955,19616542,20107651
Malaysia,8156342,9526558,12162189,13798094,15598924,18029824,20487604,23194252,25690615,28208028,30270965,30684652,31104655,31528033,31949789,32365998,32786446,33205917
Maldives,89873,102710,136418,158271,189540,223159,254144,279396,319604,365730,454914,475505,496398,515704,530957,540542,555257,568441
Mali,5263727,5568495,6482282,7090124,7831888,8449915,9585660,10946448,12775509,15049352,17438772,17965448,18512429,19077755,19658023,20250834,20830302,21414484
Malta,326550,318800,304222,316645,336452,354170,377419,390087,403834,414508,445053,455356,467999,484630,504062,525285,544380,564297
Marshall Islands,14674,17282,25579,30574,38331,47265,50454,50754,55257,56361,57444,57723,58053,58412,58791,59194,59574,59961
Mauritania,850377,985907,1330594,1540644,1780033,2034347,2313630,2630217,3024198,3494200,4046304,4163532,4282582,4403312,4525698,4649660,4772019,4894921
Mauritius,659351,753000,892000,966039,1020528,1058775,1122457,1186873,1228254,1250400,1262605,1263473,1264613,1265303,1265711,1265740,1266116,1266387
Mexico,37771861,44123863,59607947,67761367,75983486,83943135,91663290,98899845,106005199,114092961,121858251,123333379,124777326,126190782,127575529,128932753,130317895,131693599
Moldova,2043664,2269399,2611616,2728099,2867878,2969097,2952307,2923783,2888111,2861487,2834530,2802170,2755158,2708214,2664974,2620495,2575607,2531405
Monaco,22461,23289,25203,26752,28836,29433,30731,32148,33842,35609,37723,38070,38392,38682,38967,39244,39528,39810
Mongolia,955514,1107121,1479646,1689622,1921889,2184139,2298017,2397417,2526429,2719902,2998433,3056358,3113788,3170214,3225166,3278292,3333127,3387431
Montenegro,480579,526327,546487,572608,605398,606372,611712,604950,614261,619428,622159,622303,622373,622227,622028,621306,620950,620524
Morocco,12328532,14230163,17796171,19990006,22499111,24807461,26994255,28793672,30455563,32343384,34663608,35126274,35581257,36029089,36471766,36910558,37353658,37795181
Mozambique,7184870,8039217,10165216,11630194,12764385,12987292,15483277,17711925,20493927,23531567,27042001,27829930,28649007,29496009,30366043,31255435,32124244,33000322
Myanmar,21736947,24259356,30611093,34224316,37977087,41335188,43901598,46719698,48949931,50600827,52680724,53045199,53382521,53708318,54045422,54409794,54752218,55100185
Namibia,634138,716588,947925,1057723,1198149,1432899,1627866,1794583,1938316,2118877,2314901,2358044,2402623,2448300,2494524,2540916,2587014,2633252
Nauru,4377,5859,7178,7751,8501,9506,10626,10335,9848,10009,10374,10474,10577,10678,10764,10834,10920,11001
Nepal,10105060,10972912,13420367,15016408,16858315,18905480,21576074,23941099,25744500,27013207,27015033,27263430,27632682,28095712,28608715,29136808,29638183,30152340
Netherlands,11486631,12294732,13666335,14149800,14491632,14951510,15459006,15925513,16319868,16615394,16939923,17030314,17131296,17231624,17344874,17441139,17544420,17648685
New Caledonia,79000,90500,132500,140050,154450,170899,193816,213230,232250,249750,268700,269350,270000,270650,271300,271960,272613,273267
New Zealand,2371800,2628400,3083100,3112900,3247100,3329800,3673400,3857700,4133900,4350700,4609400,4714100,4813600,4900600,4979300,5084300,5174533,5265844
Nicaragua,1773132,2068379,2806859,3265520,3734343,4173435,4652185,5069310,5438692,5824058,6223234,6303970,6384843,6465502,6545503,6624554,6704458,6784110
Niger,3388774,3914118,5184940,5989000,6915994,8026592,9490289,11331561,13624474,16464025,20001663,20788789,21602388,22442831,23310719,24206636,25074719,25952015
Nigeria,45138460,50127920,63374289,73423646,83562776,95212454,107948339,122283853,138865014,158503203,181137454,185960244,190873247,195874685,200963603,206139587,211228367,216346261
North Korea,11424189,12547524,16274737,17472144,18877226,20293057,21862300,22929078,23904167,24548840,25183832,25307665,25429816,25549606,25666158,25778815,25895148,26010329
North Macedonia,1488670,1592437,1803008,1924203,1981536,1996218,1983259,2026350,2036855,2055004,2070226,2072490,2074502,2076217,2076694,2072531,2071874,2070426
Norway,3581239,3723168,4007313,4085620,4152516,4241473,4359184,4490967,4623291,4889252,5188607,5234519,5276968,5311916,5347896,5379475,5413644,5447553
Oman,551735,625006,882038,1154373,1498413,1812158,2204267,2267973,2511254,3041435,4267341,4479217,4665926,4829476,4974992,5106622,5253521,5394869
Pakistan,44988690,50917975,66816875,78054346,92191505,107647918,123776835,142343583,160304007,179424643,199426953,203631356,207906210,212228288,216565317,220892331,225221038,229551955
Palau,9769,11005,12898,12178,13534,15063,17158,19104,19784,17954,17665,17718,17809,17911,18001,18092,18186,18278
Panama,1133005,1314679,1745142,1978489,2219200,2470946,2739667,3030333,3330222,3642691,3968490,4037073,4106764,4176868,4246440,4314768,4384103,4453181
Papua New Guinea,2255858,2485433,3139944,3571209,4081022,4615843,5187063,5847590,6494902,7310512,8107772,8271766,8438038,8606324,8776119,8947027,9116690,9286812
Paraguay,1903990,2172309,2791236,3181627,3676206,4223413,4776838,5323202,5824095,6248017,6688746,6777878,6867058,6956069,7044639,7132530,7221021,7309338
Peru,10155011,11711402,15424745,17547612,19772871,22071433,24299168,26459944,27866140,29027680,30470739,30926036,31444299,31989265,32510462,32971846,33481028,33978282
Philippines,26269741,30909997,41285741,47357741,54275836,61895169,69784087,77991757,86326251,93966784,102113206,103663812,105172921,106651394,108116622,109581085,111050473,112516833
Poland,29637450,31444950,34015199,35574150,37201885,38110782,38594998,38258629,38165445,38042794,37986412,37970087,37974826,37974750,37965475,37950802,37942794,37932142
Portugal,8857716,8998595,9093470,9766312,10023613,9983218,10026176,10289898,10503330,10573100,10358076,10325452,10300300,10283822,10286263,10305564,10307319,10315151
Puerto Rico,2358000,2594000,2994000,3206000,3377000,3537000,3683103,3810605,3821362,3721525,3473232,3406672,3325286,3193354,3193694,3194034,3150283,3135926
Qatar,47383,73631,164314,223622,370886,476275,513447,592467,865410,1856329,2565708,2654379,2724727,2781682,2832071,2881060,2933171,2983667
Romania,18406905,19031576,21293583,22207282,22732999,23201835,22684270,22442971,21319685,20246871,19815616,19702267,19588715,19473970,19371648,19286123,19185259,19089022
Russia,119897000,126745000,134200000,139010000,143858000,147969407,148375787,146596869,143518814,142849468,144096870,144342397,144496739,144477859,144406261,144104080,143973194,143804972
Rwanda,2935575,3235536,4364709,5153314,6146884,7288883,5836490,7933688,8840220,10039338,11369066,11668829,11980960,12301969,12626938,12952209,13275959,13600622
Saint Kitts and Nevis,51199,49209,44271,43201,41874,40260,42077,44083,46852,49011,51204,51629,52036,52438,52834,53192,53577,53957
Saint Lucia,89698,96138,109634,117828,126246,138019,146871,156737,163408,174092,179131,180028,180955,181890,182795,183629,184520,185397
Saint Martin,3898,4471,6882,8777,11066,31522,27320,28935,34252,37582,35865,36061,36569,37264,38002,38659,39356,40053
Saint Vincent and the Grenadines,80970,86009,95665,100566,104503,107489,108043,107787,108617,108260,109135,109467,109826,110210,110593,110947,111321,111691
Samoa,108627,127055,151353,155522,159995,162797,170050,174454,179722,185944,193510,194540,195358,196128,197093,198410,199427,200527
San Marino,15440,17508,19829,21453,22794,24124,25925,27460,29324,31221,33270,33503,33671,33784,33864,33938,34027,34108
Sao Tome and Principe,64294,64884,83134,95788,104926,119211,131679,142264,157472,180372,199439,203221,207086,211032,215048,219161,223186,227237
Saudi Arabia,4086534,4843632,7419486,9691471,13118998,16233786,18638790,20663840,23816175,27421468,31717676,32443443,33101183,33702757,34268529,34813867,35384762,35945430
Senegal,3206757,3682879,4929846,5583157,6471329,7526306,8690155,9797731,11090123,12678143,14578450,14993514,15419354,15854324,16296362,16743930,17185455,17629165
Serbia,6608000,6794000,7163000,7362000,7504000,7586000,7625357,7516346,7440769,7291436,7095383,7058322,7020858,6982604,6945235,6908224,6870679,6833371
Seychelles,41700,47500,59292,63261,65244,69507,75304,81131,82858,89770,93419,94677,95843,96762,97625,98462,99335,100193
Sierra Leone,2317638,2508226,3037158,3388494,3805304,4319763,4303953,4584570,5645629,6415636,7171909,7328846,7488427,7650149,7813207,7976985,8139838,8303068
Singapore,1646400,1886900,2262600,2413945,2735957,3047132,3524506,4027887,4265762,5076732,5535002,5607283,5612253,5638676,5703569,5685807,5710325,5734208
Sint Maarten,2833,4460,9556,13097,19127,28814,31164,30519,33011,34056,38825,39969,40574,40654,40733,40812,40891,40970
Slovakia,4068095,4370983,4739105,4979815,5161768,5299187,5361999,5388720,5372807,5391428,5423801,5430798,5439232,5446771,5454147,5458827,5465359,5471555
Slovenia,1584720,1649160,1793581,1901315,1941641,1998161,1989872,1988925,2000474,2048583,2063531,2065042,2066388,2073894,2088385,2100126,2111372,2123865
Solomon Islands,117847,136815,193401,230550,270787,311869,359276,412665,469918,527861,603133,619438,636030,652856,669821,686878,703827,720817
Somalia,2755967,3068465,3880285,6281138,6648628,7225089,7491647,8872250,10446856,12043886,13797204,14185635,14589165,15008225,15442906,15893219,16327904,16767797
South Africa,17099836,19384838,25195184,28556771,32678876,36800507,41435761,44967713,47880595,51216967,55386369,56207649,57009751,57792520,58558267,59308690,60075003,60835831
South Korea,25012374,28704674,35280725,38123775,40805744,42869283,45092991,47008111,48184561,49554112,51014947,51217803,51361911,51606633,51709098,51780579,51920135,52024636
South Sudan,2842718,3133155,3941613,4502603,5220748,5492620,5118084,6199396,7535931,9508372,10715657,10832520,10910774,10975924,11062114,11193729,11288047,11392088
Spain,30455000,31954292,35757900,37491165,38469512,38867322,39724050,40567864,43653155,46576897,46444832,46484062,46593236,46797754,47133521,47351567,47604344,47873207
Sri Lanka,9874476,11110825,13755141,15035840,16176282,17325769,18242917,18777606,19544988,20261738,20970000,21203000,21444000,21670000,21803000,21919000,22077333,22213111
Sudan,7544498,8770094,12144128,14507466,17210182,20147592,24094741,27275019,30949514,34545014,38902948,39847433,40813398,41801532,42813237,43849269,44861226,45881124
Suriname,287870,328939,359234,359531,368636,405169,441851,470944,499461,529126,559136,564883,570501,575987,581363,586634,592012,597354
Sweden,7484656,7733853,8192437,8310531,8350386,8558835,8826939,8872109,9029572,9378126,9799186,9923085,10057698,10175214,10278887,10353442,10452023,10544293
Switzerland,5327827,5856472,6338632,6319408,6470365,6715519,7040687,7184250,7437115,7824909,8282396,8373338,8451840,8514329,8575280,8636896,8698581,8759998
Syria,4573514,5373137,7535715,8930776,10648633,12446168,14345491,16410847,18361178,21362541,17997411,17465567,17095669,16945062,17070132,17500657,17635653,17865850
Tajikistan,2087053,2487975,3390941,3905443,4537820,5283811,5764806,6216329,6789318,7527397,8454019,8663575,8880270,9100847,9321023,9537642,9756766,9975406
Tanzania,10052151,11634837,15885228,18538263,21633799,25203848,29649128,33499177,38450323,44346532,51482638,53049231,54660345,56313444,58005461,59734213,61425502,63129521
Thailand,27397208,31822656,42326307,47374463,52026901,56558196,59467272,62952639,65416189,67195032,68714519,68971313,69209817,69428454,69625581,69799978,69996698,70186113
Timor-Leste,474535,519676,629227,599907,657061,737814,844333,884366,995130,1093517,1196294,1219289,1243260,1267975,1293120,1318442,1343503,1368679
Togo,1580508,1708631,2410451,2720835,3252997,3774310,4226293,4924406,5611643,6421674,7323162,7509952,7698476,7889095,8082359,8278737,8472157,8666511
Tonga,61574,74348,88321,92966,93896,95069,95972,97962,100908,103981,100780,101143,102002,103199,104497,105697,106929,108172
Trinidad and Tobago,847973,911742,1010934,1084743,1170296,1221121,1254200,1267159,1296497,1328144,1370332,1377563,1384060,1389841,1394969,1399491,1404635,1409566
Tunisia,4178235,4547941,5656912,6374040,7329590,8242509,9125400,9708347,10106778,10635245,11179951,11303942,11433438,11565203,11694721,11818618,11947011,12074280
Turkey,27472339,30972996,39277249,43975972,49133928,53921758,58486453,63240196,67903461,72326992,78529413,79827868,81116451,82340090,83429607,84339067,85413272,86437666
Turkmenistan,1603254,1892596,2525374,2876809,3244024,3683978,4207841,4516128,4754652,5087211,5565283,5662371,5757667,5850902,5942094,6031187,6122360,6212846
Turks and Caicos Islands,5825,5814,6832,7894,9974,12115,16221,20171,28181,32658,35979,36558,37116,37667,38194,38718,39252,39780
Tuvalu,5321,5388,6064,7631,8211,8910,9298,9392,9997,10521,11099,11232,11365,11505,11655,11792,11934,12077
Uganda,6767092,7986062,10737403,12442333,14559357,17354395,20413157,23650159,27684590,32428164,38225447,39649173,41166588,42729032,44269587,45741000,47265804,48778061
Ukraine,42664646,45264552,48755662,49965872,50917000,51891400,51512800,49176500,47105171,45870741,45154036,45004673,44831135,44622518,44386203,44134693,43902546,43662555
United Arab Emirates,92417,149855,548295,1019507,1366165,1828437,2415099,3134067,4588222,8549998,9262896,9360975,9487206,9630966,9770526,9890400,10024798,10156075
United Kingdom,52400000,54348050,56225800,56314216,56550268,57247586,58019030,58892514,60401206,62766365,65116219,65611593,66058859,66460344,66836327,67215293,67600771,67980913
United States,180671000,194303000,215973000,227225000,237924000,249623000,266278000,282162411,295516599,309327143,320738994,323071755,325122128,326838199,328329953,329484123,330938121,332304762
Uruguay,2538648,2694537,2830172,2915389,3011519,3109598,3224275,3319734,3321799,3359273,3412013,3424139,3436645,3449290,3461731,3473727,3486088,3498354
Uzbekistan,8526299,10116870,13857469,15898760,18061283,20510000,22785000,24650400,26167000,28562400,31298900,31847900,32388600,32956100,33580350,34232050,34846533,35476677
Vanuatu,63689,74268,99863,115598,129989,146575,168161,184964,209282,236216,271128,278326,285499,292675,299882,307150,314367,321598
Venezuela,8141839,9692281,13189511,15182616,17319513,19632665,21931087,24192449,26432445,28439942,30081827,29851249,29402480,28887117,28515829,28435943,28113764,27855980
Vietnam,32670048,37858947,48718190,54281841,60896732,67988855,74910462,79910411,83832662,87967655,92677082,93640435,94600643,95545959,96462108,97338583,98251230,99152987
Virgin Islands,32500,43500,94484,99636,100760,103963,107818,108642,108453,108357,107712,107516,107281,107001,106669,106290,105960,105613
Yemen,5315351,5727745,6784699,7941903,9572170,11709987,14913313,17409071,20107416,23154854,26497881,27168210,27834811,28498683,29161922,29825968,30489687,31153355
Zambia,3070780,3570466,4943279,5851818,6923148,8036849,9096608,10415942,11856244,13605986,15879370,16363449,16853608,17351714,17861034,18383956,18894072,19408191
Zimbabwe,3776679,4471178,6293875,7408630,8877489,10432409,11410721,11881482,12076697,12697728,13814642,14030338,14236599,14438812,14645473,14862927,15071703,15282667